<?xml version="1.0" encoding="utf-8"?>

<!--
@name     Live Product|Enhanced Options
@author   Andrii Burkatskyi, ocmod.space@gmail.com
@version  3.5.1
@link     https://www.opencart.com/index.php?route=marketplace/extension/info&extension_id=36005
@link     https://github.com/ocmod-space/ocmod-live-product
@licence  https://raw.githubusercontent.com/ocmod-space/ocmod-live-product/main/EULA.txt
-->

<modification>
	<name>#ocmod.space: live-product|enhanced-options</name>
	<code>live-product--enhanced-options</code>
	<version>3.5.1</version>
	<author>Andrii Burkatskyi</author>
	<link>https://www.opencart.com/index.php?route=marketplace/extension&amp;filter_member=ocmod.space</link>

	<file path="catalog/controller/extension/module/live_product.php" error="log">
		<operation error="log">
			<search info="">
				<![CDATA[isset($this->mconfig['text'][$language_id])]]>
			</search>
			<add position="before">
				<![CDATA[			/// << Live Product | Enhanced Options
			$eo_status = $this->config->get('module_enhanced_options_status');
			$eo_settings = $this->config->get('module_enhanced_options');

			$this->flexible_options = $eo_status ? $eo_settings['flexible_options'] : false;
			$this->labels = $eo_status ? $eo_settings['labels'] : false;
			$this->flat_rate = $eo_status ? $eo_settings['flat_rate'] : false;

			if ($eo_status) {
				foreach ($eo_settings['text'][$language_id] as $key => $value) {
					$this->text[$key] = $value;
				}
			}
			/// >> Live Product | Enhanced Options]]>
			</add>
		</operation>
		<operation error="log">
			<search info="">
				<![CDATA[$price = (float)$product_info['price'];]]>
			</search>
			<add position="after">
				<![CDATA[			$co = 1;  /// Live Product | Enhanced Options]]>
			</add>
		</operation>
		<operation error="log">
			<search info="">
				<![CDATA[$special = (float)$product_info['special'];]]>
			</search>
			<add position="after">
				<![CDATA[				$co = $this->flexible_options ? $special / $price : 1;  /// Live Product | Enhanced Options]]>
			</add>
		</operation>
		<operation error="log">
			<search info="">
				<![CDATA[$d_tot[$discount['quantity']] = 0]]>
			</search>
			<add position="after">
				<![CDATA[					$discount['co'] = $this->flexible_options ? $discount['price'] / $product_info['price'] : 1;  /// Live Product | Enhanced Options]]>
			</add>
		</operation>
		<operation error="log">
			<search info="">
				<![CDATA[$d_qt = $discount['quantity'];]]>
			</search>
			<add position="after">
				<![CDATA[						$co = $this->flexible_options ? $price / $product_info['price'] : 1;  /// Live Product | Enhanced Options]]>
			</add>
		</operation>

		<operation error="log">
			<search index="0" info="">
				<![CDATA[$o_pr = (float)$pov['price'];]]>
			</search>
			<add position="after">
				<![CDATA[							$o_pr *= $d_qt ? $co : 1;  /// Live Product | Enhanced Options]]>
				<!-- <![CDATA[							$o_pr *= ($co != 1) ? $co : 1;  /// Live Product | Enhanced Options]]> -->
			</add>
		</operation>

		<operation error="log" info="free">
			<search info="">
				<![CDATA[if ($pr_pf == '=') {]]>
			</search>
			<add position="after">
				<![CDATA[										$is_free_option = true;  /// << Live Product | Enhanced Options]]>
			</add>
		</operation>

		<operation error="log">
			<search info="">
				<![CDATA[$pt_pf = $pov['points_prefix'];]]>
			</search>
			<add position="after">
				<![CDATA[							$oopr = false;  /// Live Product | Enhanced Options
							$is_free_option = false;  /// Live Product | Enhanced Options]]>
			</add>
		</operation>

		<operation error="log">
			<search info="">
				<![CDATA[$o_tx = $config_tax ? 'P' : false;]]>
			</search>
			<add position="after">
				<![CDATA[								/// << Live Product | Enhanced Options
								if (isset($pov['original_price'])) {
									$oopr = $this->currency->format(
										$this->tax->calculate($o_pr / $co, $product_info['tax_class_id'], $o_tx),
										$this->session->data['currency']
									);

									$oopr = $pr_pf . $oopr;
								}
								/// >> Live Product | Enhanced Options]]>
			</add>
		</operation>

		<operation error="log" info="free/preorder/original/sale">
			<search info="">
				<![CDATA[$selected = $this->isSelected]]>
			</search>
			<add position="before">
				<![CDATA[							/// << Live Product | Enhanced Options
							if (!$this->options['hide_price']) {
								if ($oopr && $o_pr && $this->text['original_price']) {
									if ('select' == $po['type']) {
										$pov_data[] = array(
											'name'                    => $pov['name'],
											'option_value_id'         => $pov['option_value_id'],
											'points'                  => $o_pt,
											'points_prefix'           => $pt_pf,
											'price'                   => $oopr . ' - ' . $this->text['original_price'],
											'price_prefix'            => $pr_pf,
											'product_option_value_id' => $pov['product_option_value_id'] . '-disabled',
										);

										if ($this->text['new_price']) {
											$o_pr = $o_pr .  ' - ' . $this->text['new_price'];
										}
									} elseif ('checkbox' == $po['type'] || 'radio' == $po['type']) {
										$o_pr .= ' <span class="option-original-price" style="text-decoration:line-through;">' .
											$oopr . '</span>';
									}
								}

								if ($is_free_option && $this->labels && $this->text['free_option']) {
									$o_pr = $this->text['free_option'];
								}
							}

							if (!$o_sub
								&& $o_qt == 0
								&& !$is_free_option
								&& $this->labels
								&& $this->text['preorder_option']
							) {
								$o_pr .= ', ' . $this->text['preorder_option'];
							}
							/// >> Live Product | Enhanced Options]]>
			</add>
		</operation>

		<operation error="log">
			<search info="">
				<![CDATA[=> $o_pr,]]>
			</search>
			<add position="after">
				<![CDATA[								'original_price' => $oopr, /// Live Product | Enhanced Options]]>
			</add>
		</operation>

		<!-- <operation error="log">
			<search info="">
				<![CDATA[($this->options['hide_price'] || !$o_pr) ? '' : $pr_pf . $o_pr]]>
			</search>
			<add position="replace">
				<![CDATA[($this->options['hide_price'] || !$o_pr) ? '' : $pr_pf . $o_pr . ((!$oopr || $po['type'] == 'select') ? '' : ' <span class="option-price-old" style="text-decoration:line-through;">' . $oopr . '</span>')]]>
			</add>
		</operation> -->

		<operation error="log">
			<search info="">
				<![CDATA[$o_pr_tot, $o_pr, $pr_pf]]>
			</search>
			<add position="replace">
				<![CDATA[$o_pr_tot, $o_pr / $co, $pr_pf]]>
			</add>
		</operation>

		<operation error="log">
			<search info="">
				<![CDATA[$d_tot[$d['quantity']], $o_pr, $pr_pf]]>
			</search>
			<add position="replace">
				<![CDATA[$d_tot[$d['quantity']], $o_pr * $d['co'], $pr_pf]]>
			</add>
		</operation>

		<operation error="log">
			<search info="">
				<![CDATA[$o_sp_tot, $o_pr, $pr_pf]]>
			</search>
			<add position="replace">
				<![CDATA[$o_sp_tot, $d_qt ? $o_pr * $co : $o_pr, $pr_pf]]>
			</add>
		</operation>
	</file>

	<file path="catalog/controller/extension/module/live_product.php" error="log">
		<operation error="log">
			<search>
				<![CDATA[foreach ($product_options as $po) {]]>
			</search>
			<add position="after">
				<![CDATA[					/// << Live Product | Enhanced Options(flat rate)
					if ($this->flat_rate && isset($po['flat_rate'])) {
						$is_flat_rate = $po['flat_rate'];
					} else {
						$is_flat_rate = false;
					}
					/// >> Live Product | Enhanced Options(flat rate)]]>
			</add>
		</operation>
		<operation error="log">
			<search>
				<![CDATA[if ($this->common['product_tot'] && $this->options['option_tot']) {]]>
			</search>
			<add position="replace">
				<![CDATA[if ($this->common['product_tot'] && $this->options['option_tot'] && !$is_flat_rate) {  /// Live Product | Enhanced Options(flat rate)]]>
			</add>
		</operation>

		<operation error="log">
			<search>
				<![CDATA[if (is_array($post_option))]]>
			</search>
			<add position="before">
				<![CDATA[								/// << Live Product | Enhanced Options(flat rate)
								if ($is_flat_rate) {
									$o_pr /= $qt;
									$o_pt = round($o_pt / $qt);
								}
								/// >> Live Product | Enhanced Options(flat rate)]]>
			</add>
		</operation>

		<operation error="log">
			<search>
				<![CDATA[=> $po['required'],]]>
			</search>
			<add position="after">
				<![CDATA[						'flat_rate'           => isset($po['flat_rate']) ? $po['flat_rate'] : false, /// Ehanced Options+(flat rate)]]>
			</add>
		</operation>
	</file>
</modification>
