<?xml version="1.0" encoding="utf-8"?>

<!--
@name     Live Product|Enhanced Options
@author   Andrii Burkatskyi, ocmod.space@gmail.com
@version  3.6.0
@link     https://www.ocmod.space/live-product
@link     https://github.com/ocmod-space/ocmod-live-product
@licence  https://raw.githubusercontent.com/ocmod-space/ocmod-live-product/main/EULA.txt
-->

<modification>
	<name>#ocmod.space: live-product|enhanced-options</name>
	<code>live-product--enhanced-options</code>
	<version>3.6.0</version>
	<author>Andrii Burkatskyi</author>
	<link>https://www.opencart.com/index.php?route=marketplace/extension&amp;filter_member=ocmod.space</link>

	<file path="catalog/controller/extension/module/live_product.php" error="log">
		<operation error="log">
			<search info="">
				<![CDATA[private $words;]]>
			</search>
			<add position="after">
				<![CDATA[	/// << live-product|enhanced-options
	private $flex;
	private $labels;
	private $flat;
	/// >> live-product|enhanced-options]]>
			</add>
		</operation>

		<operation error="log">
			<search info="">
				<![CDATA[$this->words = ]]>
			</search>
			<add position="after">
				<![CDATA[			/// << live-product|enhanced-options
			$eo_status = $this->config->get('module_enhanced_options_status');
			$eo_settings = $this->config->get('module_enhanced_options');

			$this->flex = $eo_status ? $eo_settings['flex'] : false;
			$this->labels = $eo_status ? $eo_settings['labels'] : false;
			$this->flat = $eo_status ? $eo_settings['flat'] : false;

			if ($eo_status) {
				foreach ($eo_settings['text'][$language_id] as $key => $value) {
					$this->words[$key] = $value;
				}
			}
			/// >> live-product|enhanced-options]]>
			</add>
		</operation>

		<operation error="log">
			<search info="">
				<![CDATA[$price = (float)$product_info['price'];]]>
			</search>
			<add position="after">
				<![CDATA[			$co = 1;  /// live-product|enhanced-options]]>
			</add>
		</operation>

		<operation error="log">
			<search info="">
				<![CDATA[$special = (float)$product_info['special'];]]>
			</search>
			<add position="after">
				<![CDATA[				$co = $this->flex ? $special / $price : 1;  /// live-product|enhanced-options]]>
			</add>
		</operation>

		<operation error="log">
			<search info="">
				<![CDATA[$discount_total[$discount['quantity']] = 0]]>
			</search>
			<add position="after">
				<![CDATA[					$discount['co'] = $this->flex ? $discount['price'] / $product_info['price'] : 1;  /// live-product|enhanced-options]]>
			</add>
		</operation>

		<operation error="log">
			<search info="">
				<![CDATA[$discount_qt = $discount['quantity'];]]>
			</search>
			<add position="after">
				<![CDATA[						$co = $this->flex ? $price / $product_info['price'] : 1;  /// live-product|enhanced-options]]>
			</add>
		</operation>

		<operation error="log">
			<search index="0" info="">
				<![CDATA[$option_pr = (float)$pov['price'];]]>
			</search>
			<add position="after">
				<![CDATA[							$option_pr *= $discount_qt ? $co : 1;  /// live-product|enhanced-options]]>
				<!-- <![CDATA[							$option_pr *= ($co != 1) ? $co : 1;  /// live-product|enhanced-options]]> -->
			</add>
		</operation>

		<operation error="log" info="free">
			<search info="">
				<![CDATA[if ($price_pf == '=') {]]>
			</search>
			<add position="after">
				<![CDATA[										$is_free_option = true;  /// << live-product|enhanced-options]]>
			</add>
		</operation>

		<operation error="log">
			<search info="">
				<![CDATA[$points_pf = $pov['points_prefix'];]]>
			</search>
			<add position="after">
				<![CDATA[							$option_prev_pr = false;  /// live-product|enhanced-options
							$is_free_option = false;  /// live-product|enhanced-options]]>
			</add>
		</operation>

		<operation error="log">
			<search info="">
				<![CDATA[$option_tx = $config_tax ? 'P' : false;]]>
			</search>
			<add position="after">
				<![CDATA[								/// << live-product|enhanced-options
								if (isset($pov['prev_price'])) {
									$option_prev_pr = $this->currency->format(
										$this->tax->calculate($option_pr / $co, $product_info['tax_class_id'], $option_tx),
										$this->session->data['currency']
									);

									$option_prev_pr = $price_pf . $option_prev_pr;
								}
								/// >> live-product|enhanced-options]]>
			</add>
		</operation>

		<operation error="log" info="free/preorder/prev/sale">
			<search info="">
				<![CDATA[$is_selected = $this->is_selected]]>
			</search>
			<add position="before">
				<![CDATA[							/// << live-product|enhanced-options
							if (!$this->mconfig['option_noprice']) {
								if ($option_prev_pr && $option_pr && $this->words['prev_price']) {
									if ('select' == $po['type']) {
										$pov_data[] = array(
											'name'                    => $pov['name'],
											'option_value_id'         => $pov['option_value_id'],
											'points'                  => $option_pt,
											'points_prefix'           => $points_pf,
											'price'                   => $option_prev_pr . ' - ' . $this->words['prev_price'],
											'price_prefix'            => $price_pf,
											'product_option_value_id' => $pov['product_option_value_id'] . '-disabled',
										);

										if ($this->words['sale_price']) {
											$option_pr = $option_pr .  ' - ' . $this->words['sale_price'];
										}
									} elseif ('checkbox' == $po['type'] || 'radio' == $po['type']) {
										$option_pr .= ' <span class="option-prev-price" style="text-decoration:line-through;">' .
											$option_prev_pr . '</span>';
									}
								}

								if ($is_free_option && $this->labels && $this->words['free_option']) {
									$option_pr = $this->words['free_option'];
								}
							}

							if (!$option_sub
								&& $option_qt == 0
								&& !$is_free_option
								&& $this->labels
								&& $this->words['preorder_option']
							) {
								$option_pr .= ', ' . $this->words['preorder_option'];
							}
							/// >> live-product|enhanced-options]]>
			</add>
		</operation>

		<operation error="log">
			<search info="">
				<![CDATA[=> $option_pr,]]>
			</search>
			<add position="after">
				<![CDATA[								'prev_price'              => $option_prev_pr, /// live-product|enhanced-options]]>
			</add>
		</operation>

		<!-- <operation error="log">
			<search info="">
				<![CDATA[($this->mconfig['option_noprice'] || !$option_pr) ? '' : $price_pf . $option_pr]]>
			</search>
			<add position="replace">
				<![CDATA[($this->mconfig['option_noprice'] || !$option_pr) ? '' : $price_pf . $option_pr . ((!$option_prev_pr || $po['type'] == 'select') ? '' : ' <span class="option-price-old" style="text-decoration:line-through;">' . $option_prev_pr . '</span>')]]>
			</add>
		</operation> -->

		<operation error="log">
			<search info="">
				<![CDATA[$option_pr_total, $option_pr, $price_pf]]>
			</search>
			<add position="replace">
				<![CDATA[$option_pr_total, $option_pr / $co, $price_pf]]>
			</add>
		</operation>

		<operation error="log">
			<search info="">
				<![CDATA[$discount_total[$discount['quantity']], $option_pr, $price_pf]]>
			</search>
			<add position="replace">
				<![CDATA[$discount_total[$discount['quantity']], $option_pr * $discount['co'], $price_pf]]>
			</add>
		</operation>

		<operation error="log">
			<search info="">
				<![CDATA[$option_sp_total, $option_pr, $price_pf]]>
			</search>
			<add position="replace">
				<![CDATA[$option_sp_total, $discount_qt ? $option_pr * $co : $option_pr, $price_pf]]>
			</add>
		</operation>
	</file>

	<file path="catalog/controller/extension/module/live_product.php" error="log">
		<operation error="log">
			<search>
				<![CDATA[foreach ($product_options as $po) {]]>
			</search>
			<add position="after">
				<![CDATA[					$is_flat = ($this->flat && isset($po['flat'])) ? $po['flat'] : false;  /// >> live-product|enhanced-options(flat rate)]]>
			</add>
		</operation>

		<operation error="log">
			<search>
				<![CDATA[if ($this->mconfig['product_total'] && $this->mconfig['option_total']) {]]>
			</search>
			<add position="replace">
				<![CDATA[if ($this->mconfig['product_total'] && $this->mconfig['option_total'] && !$is_flat) {  /// live-product|enhanced-options(flat rate)]]>
			</add>
		</operation>

		<operation error="log">
			<search>
				<![CDATA[if (is_array($post_option))]]>
			</search>
			<add position="before">
				<![CDATA[								/// << live-product|enhanced-options(flat rate)
								if ($is_flat) {
									$option_pr /= $qt;
									$option_pt = round($option_pt / $qt);
								}
								/// >> live-product|enhanced-options(flat rate)]]>
			</add>
		</operation>

		<operation error="log">
			<search>
				<![CDATA[=> $po['required'],]]>
			</search>
			<add position="after">
				<![CDATA[						'flat'                 => isset($po['flat']) ? $po['flat'] : false, /// live-product|enhanced-options(flat rate)]]>
			</add>
		</operation>

		<!-- <operation error="log">
			<search>
				<![CDATA[$this->mconfig['product_total'] && $this->mconfig['product_quantity'] && $qt > 1]]>
			</search>
			<add position="replace">
				<![CDATA[$this->mconfig['product_total'] && $this->mconfig['product_quantity'] && $qt > 1]]>
			</add>
		</operation> -->
	</file>
</modification>
