<?xml version="1.0" encoding="utf-8"?>

<!--
@name     Live Product|Enhanced Options
@author   Andrii Burkatskyi, ocmod.space@gmail.com
@version  3.8.0
@link     https://www.ocmod.space/live-product
@link     https://github.com/ocmod-space/ocmod-live-product
@licence  https://raw.githubusercontent.com/ocmod-space/ocmod-live-product/main/EULA.txt
-->

<modification>
	<name>#ocmod.space: live-product|enhanced-options</name>
	<code>live-product--enhanced-options</code>
	<version>3.8.0</version>
	<author>Andrii Burkatskyi</author>
	<link>https://www.opencart.com/index.php?route=marketplace/extension&amp;filter_member=ocmod.space</link>

	<file path="catalog/controller/extension/module/live_product.php" error="log">
		<operation error="log">
			<search>
				<![CDATA[private $words;]]>
			</search>
			<add position="after">
				<![CDATA[	/// << live-product|enhanced-options
	private $eoptions = false;
	private $flex = false;
	private $flat = false;
	private $mark = false;
	/// >> live-product|enhanced-options]]>
			</add>
		</operation>

		<operation error="log">
			<search>
				<![CDATA[$this->words = ]]>
			</search>
			<add position="after">
				<![CDATA[
		/// << live-product|enhanced-options
		if ($this->config->get('module_enhanced_options_status')) {
			$this->eoptions = true;
			$this->flex = $this->config->get('module_enhanced_options')['flex'];
			$this->flat = $this->config->get('module_enhanced_options')['flat'];
			$this->mark = $this->config->get('module_enhanced_options')['mark'];
		}
		/// >> live-product|enhanced-options]]>
			</add>
		</operation>

		<operation error="log" info="enhance flex and flat options">
			<search>
				<![CDATA[foreach ($po['product_option_value'] as $pov) {]]>
			</search>
			<add position="after">
				<![CDATA[
							/// live-product|enhanced-options
							if ($this->eoptions) {
								$pov_original = $pov;
								$pov = $this->cart->getEnhancedOption($pov, $qt);
							}
							/// live-product|enhanced-options]]>
			</add>
		</operation>

		<operation error="log" info="enhance flex and flat options">
			<search>
				<![CDATA[if ($pov['type'] == 'checkbox') {]]>
			</search>
			<add position="before">
				<![CDATA[
							/// live-product|enhanced-options
							if ($this->eoptions) {
								$pov = $this->cart->getEnhancedOption($pov, $qt);

								if ($special || $has_discount) {
									$option_pr_sp = (float)$pov['price'];
									$option_pt = $points ? (int)$pov['points'] : 0;
								} else {
									$option_pr = (float)$pov['price'];
									$option_pt = $points ? (int)$pov['points'] : 0;
								}
							}
							/// live-product|enhanced-options]]>
			</add>
		</operation>

		<operation error="log" info="enhance flex and flat options">
			<search>
				<![CDATA[$option_sp_total, $option_pr, $price_pf]]>
			</search>
			<add position="replace">
				<![CDATA[$option_sp_total, (isset($option_pr_sp) ? $option_pr_sp : $option_pr), $price_pf]]>
			</add>
		</operation>

		<operation error="log" info="leave the prefix of '=' to indicate the free option">
			<search index="">
				<![CDATA[} elseif ($is_fullpriced) {]]>
			</search>
			<add position="before">
				<![CDATA[								/// live-product|enhanced-options
								$price_pf = !$option_pr && !empty($this->mark) ? '=' : '';]]>
			</add>
		</operation>

		<operation error="log" info="add enhanced marks">
			<search>
				<![CDATA[$option_pr *= $qt;]]>
			</search>
			<add position="after">
				<![CDATA[
									/// << live-product|enhanced-options
									if (isset($pov['original_price'])) {
										$pov['original_price'] *= $qt;
									}
									/// >> live-product|enhanced-options]]>
			</add>
		</operation>

		<operation error="log" info="recalculate and show available discounted prices">
			<search>
				<![CDATA[$discount_total[$discount['quantity']] = $this->calcOptionTotal(]]>
			</search>
			<add position="before">
				<![CDATA[
									/// live-product|enhanced-options
									if ($this->eoptions) {
										$pov_discount = $this->cart->getEnhancedOption($pov, $discount['quantity']);
										$option_pr_dt = (float)$pov_discount['price'];
									}
									/// live-product|enhanced-options]]>
			</add>
		</operation>

		<operation error="log" info="recalculate and show available discounted prices">
			<search>
				<![CDATA[$discount_total[$discount['quantity']], $option_pr, $price_pf]]>
			</search>
			<add position="replace">
				<![CDATA[$discount_total[$discount['quantity']], (isset($option_pr_dt) ? $option_pr_dt : $option_pr), $price_pf]]>
			</add>
		</operation>

		<operation error="log" info="add enhanced marks">
			<search>
				<![CDATA[=> $price_pf,]]>
			</search>
			<add position="after">
				<![CDATA[
								/// << live-product|enhanced-options
								'original_price'          => isset($pov['original_price'])
									? $this->currency->format(
										$this->tax->calculate($pov['original_price'], $tax_class_id, $option_tx),
										$this->session->data['currency']
									)
									: null,
								/// >> live-product|enhanced-options]]>
			</add>
		</operation>

		<operation error="log" info="add enhanced marks">
			<search>
				<![CDATA[$json['product']['options'] = $option_data;]]>
			</search>
			<add position="before">
				<![CDATA[
				/// << live-product|enhanced-options
				if ($this->config->get('module_enhanced_options_status')) {
					$option_data = $this->load->controller('extension/module/enhanced_options', $option_data);
				}
				/// >> live-product|enhanced-options]]>
			</add>
		</operation>
	</file>
</modification>
