<?xml version="1.0" encoding="utf-8"?>

<!--
@name     Live Product|Octemplates
@author   Andrii Burkatskyi, ocmod.space@gmail.com
@version  3.9.0
@link     https://www.ocmod.space/live-product
@link     https://github.com/ocmod-space/ocmod-live-product
@licence  https://raw.githubusercontent.com/ocmod-space/ocmod-live-product/main/EULA.txt
-->

<modification>
	<name>/ocmod.space/live_product/octemplates</name>
	<code>live-product--octemplates</code>
	<version>3.9.0</version>
	<author>Andrii Burkatskyi</author>
	<link>https://www.opencart.com/index.php?route=marketplace/extension&amp;filter_member=ocmod.space</link>

	<file path="admin/controller/extension/module/live_product.php" error="log" info="add event for QV">
		<operation error="log">
			<search>
				<![CDATA[$event = $this->mname . '_catalog';]]>
			</search>
			<add position="after">
				<![CDATA[
		/// <<< live_product/octemplates
		$trigger = 'catalog/view/octemplates/module/*/before';
		$action = $this->mroute . '/beforeViewProduct';
		$this->{$event_model}->addEvent($event, $trigger, $action);
		/// >>> live_product/octemplates]]>
			</add>
		</operation>
	</file>

	<file path="catalog/controller/extension/module/live_product.php" error="log" info="radio button hints">
		<operation error="log">
			<search>
				<![CDATA[showEl(id, text);]]>
			</search>
			<add position="after">
				<![CDATA[
							// UltraStore template radio button hints
							if (option.type === 'radio') {
								$(html_reward_id + '-' + option_id + '-' + option_value.product_option_value_id).attr('data-original-title', text ? text.slice(1,-1) : text);
							}]]>
			</add>
		</operation>
	</file>

	<file path="catalog/view/theme/oct_*/template/product/product.twig" error="log">
		<operation error="log" info="disable native live update">
			<search>
				<![CDATA[function updateProductPrice()]]>
			</search>
			<add position="after">
				<![CDATA[	return;]]>
			</add>
		</operation>
	</file>

	<file path="catalog/view/theme/oct_*/template/product/product.twig" error="log">
		<operation error="log" info="Radio-option label">
			<search>
				<![CDATA[{% if option_value.price %}title="{{ option_value.price_prefix }}{{ option_value.price }}"{% endif %}]]>
			</search>
			<add position="replace">
				<![CDATA[{% if live_product.status %}id="live-points-{{ option.product_option_id }}-{{option_value.product_option_value_id}}"{% else %}title="{{ option_value.price_prefix }}{{ option_value.price }}"{% endif %}]]>
			</add>
		</operation>
	</file>


<!-- QiuickView -->

	<file path="catalog/view/theme/oct_*/template/octemplates/module/oct_popup_view.twig" error="log">
		<operation error="log" info="disable native live update">
			<search>
				<![CDATA[function updateViewPrice()]]>
			</search>
			<add position="after">
				<![CDATA[	return;]]>
			</add>
		</operation>
	</file>

	<file path="catalog/view/theme/oct_*/template/octemplates/module/oct_popup_view.twig" error="log">
		<operation error="log">
			<search>
				<![CDATA[<option value="{{ option_value.product_option_value_id }}">]]>
			</search>
			<add position="replace">
				<![CDATA[<option {% if live_product.status %}id="live-option-{{ option.product_option_id }}-{{option_value.product_option_value_id}}"{% endif %} value="{{ option_value.product_option_value_id }}">]]>
			</add>
		</operation>
	</file>

	<file path="catalog/view/theme/oct_*/template/octemplates/module/oct_popup_view.twig" error="log" info="Prevent option caching on FF">
		<operation error="log">
			<search>
				<![CDATA[id="popup-input-quantity"]]>
			</search>
			<add position="replace">
				<![CDATA[autocomplete="off" id="popup-input-quantity"]]>
			</add>
		</operation>
		<operation error="log">
			<search>
				<![CDATA[name="option[{{ option.product_option_id }}]]]>
			</search>
			<add position="replace">
				<![CDATA[autocomplete="off" name="option[{{ option.product_option_id }}]]]>
			</add>
		</operation>
	</file>

	<file path="catalog/view/theme/oct_*/template/octemplates/module/oct_popup_view.twig" error="log">
		<operation error="log">
			<search>
				<![CDATA[({{ option_value.price_prefix }}{{ option_value.price }})]]>
			</search>
			<add position="replace">
				<![CDATA[
				  {% if live_product.status %}
                    <span id="live-option-{{ option.product_option_id }}-{{option_value.product_option_value_id}}"></span>
                  {% else %}
                    ({{ option_value.price_prefix }}{{ option_value.price }})
                  {% endif %}
                {% else %}
                  {% if live_product.status %}
                    <span id="live-option-{{ option.product_option_id }}-{{option_value.product_option_value_id}}"></span>
                  {% endif %}]]>
			</add>
		</operation>
	</file>

	<file path="catalog/view/theme/oct_*/template/octemplates/module/oct_popup_view.twig" error="log">
		<operation error="log" info="Radio-option label">
			<search>
				<![CDATA[{% if option_value.price %}title="{{ option_value.price_prefix }}{{ option_value.price }}"{% endif %}]]>
			</search>
			<add position="replace">
				<![CDATA[{% if live_product.status %}id="live-points-{{ option.product_option_id }}-{{option_value.product_option_value_id}}"{% else %}title="{{ option_value.price_prefix }}{{ option_value.price }}"{% endif %}]]>
			</add>
		</operation>
	</file>

	<file path="catalog/view/theme/oct_*/template/octemplates/module/oct_popup_view.twig" error="log">
		<operation error="log">
			<search>
				<![CDATA[{{ price }}]]>
			</search>
			<add position="replace">
				<![CDATA[{% if live_product.status %}<span id="live-price" data-id="live-price">{{ price }}</span>{% else %}{{ price }}{% endif %}]]>
			</add>
		</operation>
	</file>

	<file path="catalog/view/theme/oct_*/template/octemplates/module/oct_popup_view.twig" error="log">
		<operation error="log">
			<search>
				<![CDATA[{{ special }}]]>
			</search>
			<add position="replace">
				<![CDATA[{% if live_product.status %}<span id="live-special" data-id="live-special">{{ special }}</span>{% else %}{{ special }}{% endif %}]]>
			</add>
		</operation>
	</file>

	<file path="catalog/view/theme/oct_*/template/octemplates/module/oct_popup_view.twig" error="log">
		<operation error="log">
			<search>
				<![CDATA[{% if discounts %}]]>
			</search>
			<add position="replace">
				<![CDATA[{% if discounts and not special %}]]>
			</add>
		</operation>
	</file>

	<file path="catalog/view/theme/oct_*/template/octemplates/module/oct_popup_view.twig" error="log">
		<operation error="log">
			<search>
				<![CDATA[{{ discount.price }}]]>
			</search>
			<add position="replace">
				<![CDATA[{% if live_product.status %}<span id="live-discount-{{ discount.quantity }}" data-id="live-discount-{{ discount.quantity }}">{{ discount.price }}</span>{% else %}{{ discount.price }}{% endif %}]]>
			</add>
		</operation>
	</file>

	<file path="catalog/view/theme/oct_*/template/octemplates/module/oct_popup_view.twig" error="log">
		<operation error="log">
			<search>
				<![CDATA[{{ reward }}]]>
			</search>
			<add position="replace">
				<![CDATA[{% if live_product.status %}<span id="live-reward" data-id="live-reward">{{ reward }}</span>{% else %}{{ reward }}{% endif %}]]>
			</add>
		</operation>
	</file>

	<file path="catalog/view/theme/oct_*/template/octemplates/module/oct_popup_view.twig" error="log">
		<operation error="log">
			<search>
				<![CDATA[{{ tax }}]]>
			</search>
			<add position="replace">
				<![CDATA[{% if live_product.status %}<span id="live-tax" data-id="live-tax">{{ tax }}</span>{% else %}{{ tax }}{% endif %}]]>
			</add>
		</operation>
	</file>

	<file path="catalog/view/theme/oct_*/template/octemplates/module/oct_popup_view.twig" error="log">
		<operation error="log">
			<search>
				<![CDATA[{{ points }}]]>
			</search>
			<add position="replace">
				<![CDATA[{% if live_product.status %}<span id="live-points" data-id="live-points">{{ points }}</span>{% else %}{{ points }}{% endif %}]]>
			</add>
		</operation>
	</file>

	<file path="catalog/view/theme/oct_*/template/octemplates/module/oct_popup_view.twig" error="log">
		<operation error="log">
			<search>
				<![CDATA[<script src="catalog/view/theme/oct_*/js/owl.carousel.min.js"></script>]]>
			</search>
			<add position="before">
				<![CDATA[{% if live_product.status %}<script type="text/javascript" src="{{ live_product.js }}"></script>{% endif %}]]>
			</add>
		</operation>
	</file>

<!-- Quick Purchase -->
	<file path="catalog/controller/extension/module/live_product.php" error="log" info="radio button hints">
		<operation error="log">
			<search>
				<![CDATA[const html_reward_id]]>
			</search>
			<add position="after">
				<![CDATA[		var popup = '#one-click-main-block';]]>
			</add>
		</operation>
		<operation error="log">
			<search>
				<![CDATA[qtRefresh = setInterval(function() {]]>
			</search>
			<add position="after">
				<![CDATA[
					if ($(popup).length && $('body').hasClass('modal-open')) {
						tag_qt = '#popup-input-quantity';
					} else {
						tag_qt = 'input[name="quantity"]';
					}]]>
			</add>
		</operation>

		<!--
		<operation error="log">
			<search>
				<![CDATA[setGTags();]]>
			</search>
			<add position="after">
				<![CDATA[
	if ($(popup).length && $('body').hasClass('modal-open')) {
		setGTags(popup);
	}

	$("#us-one-click-modal").off('hidden.bs.modal').on('hidden.bs.modal', function() {
		$('.modal-holder').empty();

		setGTags();
	});


	$("#us-one-click-modal").off('shown.bs.modal').on('shown.bs.modal', function() {
		setGTags(popup);
	});]]>
			</add>
		</operation>
		-->
	</file>

	<file path="catalog/view/theme/oct_*/template/octemplates/module/oct_popup_purchase.twig" error="log">
		<operation error="log" info="disable native live update">
			<search>
				<![CDATA[function updatePurchasePrice()]]>
			</search>
			<add position="after">
				<![CDATA[	return;]]>
			</add>
		</operation>
	</file>

	<file path="catalog/view/theme/oct_*/template/octemplates/module/oct_popup_purchase.twig" error="log">
		<operation error="log">
			<search>
				<![CDATA[<option value="{{ option_value.product_option_value_id }}">]]>
			</search>
			<add position="replace">
				<![CDATA[<option {% if live_product.status %}id="live-option-{{ option.product_option_id }}-{{option_value.product_option_value_id}}"{% endif %} value="{{ option_value.product_option_value_id }}">]]>
			</add>
		</operation>
	</file>

	<file path="catalog/view/theme/oct_*/template/octemplates/module/oct_popup_purchase.twig" error="log" info="Prevent option caching on FF">
		<operation error="log">
			<search>
				<![CDATA[id="popup-input-quantity"]]>
			</search>
			<add position="replace">
				<![CDATA[autocomplete="off" id="popup-input-quantity"]]>
			</add>
		</operation>
		<operation error="log">
			<search>
				<![CDATA[name="option[{{ option.product_option_id }}]]]>
			</search>
			<add position="replace">
				<![CDATA[autocomplete="off" name="option[{{ option.product_option_id }}]]]>
			</add>
		</operation>
	</file>

	<file path="catalog/view/theme/oct_*/template/octemplates/module/oct_popup_purchase.twig" error="log">
		<operation error="log">
			<search>
				<![CDATA[({{ option_value.price_prefix }}{{ option_value.price }})]]>
			</search>
			<add position="replace">
				<![CDATA[
				  {% if live_product.status %}
                    <span id="live-option-{{ option.product_option_id }}-{{option_value.product_option_value_id}}"></span>
                  {% else %}
                    ({{ option_value.price_prefix }}{{ option_value.price }})
                  {% endif %}
                {% else %}
                  {% if live_product.status %}
                    <span id="live-option-{{ option.product_option_id }}-{{option_value.product_option_value_id}}"></span>
                  {% endif %}]]>
			</add>
		</operation>
	</file>

	<file path="catalog/view/theme/oct_*/template/octemplates/module/oct_popup_purchase.twig" error="log">
		<operation error="log" info="Radio-option label">
			<search>
				<![CDATA[{% if option_value.price %}title="{{ option_value.price_prefix }}{{ option_value.price }}"{% endif %}]]>
			</search>
			<add position="replace">
				<![CDATA[{% if live_product.status %}id="live-points-{{ option.product_option_id }}-{{option_value.product_option_value_id}}"{% else %}title="{{ option_value.price_prefix }}{{ option_value.price }}"{% endif %}]]>
			</add>
		</operation>
	</file>

	<file path="catalog/view/theme/oct_*/template/octemplates/module/oct_popup_purchase.twig" error="log">
		<operation error="log">
			<search>
				<![CDATA[{{ price }}]]>
			</search>
			<add position="replace">
				<![CDATA[{% if live_product.status %}<span id="live-price" data-id="live-price">{{ price }}</span>{% else %}{{ price }}{% endif %}]]>
			</add>
		</operation>
	</file>

	<file path="catalog/view/theme/oct_*/template/octemplates/module/oct_popup_purchase.twig" error="log">
		<operation error="log">
			<search>
				<![CDATA[{{ special }}]]>
			</search>
			<add position="replace">
				<![CDATA[{% if live_product.status %}<span id="live-special" data-id="live-special">{{ special }}</span>{% else %}{{ special }}{% endif %}]]>
			</add>
		</operation>
	</file>


<!-- 
	<file path="catalog/view/theme/oct_*/template/octemplates/module/oct_popup_purchase.twig" error="log">
		<operation error="log">
			<search>
				<![CDATA[{% if discounts %}]]>
			</search>
			<add position="replace">
				<![CDATA[{% if discounts and not special %}]]>
			</add>
		</operation>
	</file>

	<file path="catalog/view/theme/oct_*/template/octemplates/module/oct_popup_purchase.twig" error="log">
		<operation error="log">
			<search>
				<![CDATA[{{ discount.price }}]]>
			</search>
			<add position="replace">
				<![CDATA[{% if live_product.status %}<span id="live-discount-{{ discount.quantity }}" data-id="live-discount-{{ discount.quantity }}">{{ discount.price }}</span>{% else %}{{ discount.price }}{% endif %}]]>
			</add>
		</operation>
	</file>

	<file path="catalog/view/theme/oct_*/template/octemplates/module/oct_popup_purchase.twig" error="log">
		<operation error="log">
			<search>
				<![CDATA[{{ reward }}]]>
			</search>
			<add position="replace">
				<![CDATA[{% if live_product.status %}<span id="live-reward" data-id="live-reward">{{ reward }}</span>{% else %}{{ reward }}{% endif %}]]>
			</add>
		</operation>
	</file>

	<file path="catalog/view/theme/oct_*/template/octemplates/module/oct_popup_purchase.twig" error="log">
		<operation error="log">
			<search>
				<![CDATA[{{ tax }}]]>
			</search>
			<add position="replace">
				<![CDATA[{% if live_product.status %}<span id="live-tax" data-id="live-tax">{{ tax }}</span>{% else %}{{ tax }}{% endif %}]]>
			</add>
		</operation>
	</file>

	<file path="catalog/view/theme/oct_*/template/octemplates/module/oct_popup_purchase.twig" error="log">
		<operation error="log">
			<search>
				<![CDATA[{{ points }}]]>
			</search>
			<add position="replace">
				<![CDATA[{% if live_product.status %}<span id="live-points" data-id="live-points">{{ points }}</span>{% else %}{{ points }}{% endif %}]]>
			</add>
		</operation>
	</file>
 -->

	<file path="catalog/view/theme/oct_*/template/octemplates/module/oct_popup_purchase.twig" error="log">
		<operation error="log">
			<search>
				<![CDATA[{% if oct_popup_purchase_data.mask is defined and oct_popup_purchase_data.mask is not empty %}]]>
			</search>
			<add position="before">
				<![CDATA[{% if live_product.status %}<script type="text/javascript">update();</script>{% endif %}]]>
			</add>
		</operation>
	</file>
</modification>
