<?xml version="1.0" encoding="utf-8"?>

<!--
@name     Live Product|Error Stock
@author   Andrii Burkatskyi, ocmod.space@gmail.com
@version  3.8.0
@link     https://www.ocmod.space/live-product
@link     https://github.com/ocmod-space/ocmod-live-product
@licence  https://raw.githubusercontent.com/ocmod-space/ocmod-live-product/main/EULA.txt
-->

<modification>
	<name>#ocmod.space: live-product|error-stock|Ultimate</name>
	<code>live-product--error-stock</code>
	<version>3.8.0</version>
	<author>Andrii Burkatskyi</author>
	<link>https://www.opencart.com/index.php?route=marketplace/extension&amp;filter_member=ocmod.space</link>

	<file path="catalog/controller/extension/module/live_product.php" error="log">
		<operation error="log">
			<search>
				<![CDATA[!!option_value.subtract && option_qt]]>
			</search>
			<add position="replace">
				<![CDATA[!!option_value.subtract]]>
			</add>
		</operation>
	</file>
</modification>
