<?xml version="1.0" encoding="utf-8"?>

<!--
@name     Live Product|Custom Unit
@author   Andrii Burkatskyi, ocmod.space@gmail.com
@version  3.6.0
@link     https://www.ocmod.space/live-product
@link     https://github.com/ocmod-space/ocmod-live-product
@licence  https://raw.githubusercontent.com/ocmod-space/ocmod-live-product/main/EULA.txt
-->

<modification>
	<name>#ocmod.space: live-product|custom-unit</name>
	<code>live-product--custom-unit</code>
	<version>3.6.0</version>
	<author>Andrii Burkatskyi</author>
	<link>https://www.opencart.com/index.php?route=marketplace/extension&amp;filter_member=ocmod.space</link>

    <file path="catalog/controller/extension/module/live_product.php">
        <operation error="log">
            <search>
                <![CDATA[$json['success'] = true;]]>
            </search>
            <add position="after">
                <![CDATA[			/// << live-product|custom-unit
			if ($this->config->get('myoc_cunit_status')) {
				$this->load->language('extension/myoc/cunit');
				$custom_unit = $this->myoc_cunit->getCustomUnit($product_id);

				if ($product_info && $custom_unit) {
					$option_pr_total = isset($option_pr_total) ? $option_pr_total : 0;

					$text_base = !empty($custom_unit['base']) ? $this->language->get('text_per') . $custom_unit['base'] : "";
					$text_collective = !empty($custom_unit['collective']) ? $this->language->get('text_per') . $custom_unit['collective'] : "";

					$price_collective = ($product_info['price_collective'] + $option_pr_total) * $qt;
					$price_collective = $this->currency->format($this->tax->calculate($price_collective, $product_info['tax_class_id'], $this->config->get('config_tax')), $this->session->data['currency']);

					if ($custom_unit['price_in'] == 'b') {
						$json['product']['price'] .= $text_base;
					}

					if ($custom_unit['price_in'] == 'a') {
						$json['product']['price'] .= $text_base;
						$json['product']['price'] .= "<br>";
						$json['product']['price'] .= $price_collective . $text_collective;
					}

					if ($custom_unit['price_in'] == 'c') {
						$json['product']['price'] = $price_collective . $text_collective;
					}

					if ($special) {
						$special_collective = ($product_info['special_collective'] + $option_pr_total) * $qt;
						$special_collective = $this->currency->format($this->tax->calculate($special_collective, $product_info['tax_class_id'], $this->config->get('config_tax')), $this->session->data['currency']);

						if ($custom_unit['price_in'] == 'b') {
							$json['product']['special'] .= $text_base;
						}
						if ($custom_unit['price_in'] == 'a') {
							$json['product']['special'] .= $text_base;
							$json['product']['special'] .= "<br>";
							$json['product']['special'] .= $special_collective . $text_collective;
						}

						if ($custom_unit['price_in'] == 'c') {
							$json['product']['special'] = $json['product']['special'] . $text_collective;
						}
					}

					if ($display_extax) {
						$tax_collective = (($special ? $product_info['special_collective'] : $product_info['price_collective']) + $option_pr_total) * $qt;
						$tax_collective = $this->currency->format($tax_collective, $this->session->data['currency']);

						if ($custom_unit['price_in'] == 'b') {
							$json['product']['extax'] .= $text_base;
						}
						if ($custom_unit['price_in'] == 'a') {
							$json['product']['extax'] .= $text_base;
							$json['product']['extax'] .= "<br>" . 'Nettó:'  . " ";
							$json['product']['extax'] .= $tax_collective . $text_collective;
						}
						if ($custom_unit['price_in'] == 'c') {
							$json['product']['extax'] = $json['product']['extax'] . $text_collective;
						}
					}
				}
			}
			/// >> live-product|custom-unit]]>
            </add>
        </operation>
    </file>
</modification>
