<?xml version="1.0" encoding="utf-8"?>

<!--
@name     Live Product|Price Range Free
@author   Andrii Burkatskyi, ocmod.space@gmail.com
@version  3.5.1
@link     https://www.opencart.com/index.php?route=marketplace/extension/info&extension_id=36005
@link     https://github.com/ocmod-space/ocmod-live-product
@licence  https://raw.githubusercontent.com/ocmod-space/ocmod-live-product/main/EULA.txt
-->

<modification>
	<name>#ocmod.space: live-product|price-range-free</name>
	<code>live-product--price-range-free</code>
	<version>3.5.1</version>
	<author>Andrii Burkatskyi</author>
	<link>https://www.opencart.com/index.php?route=marketplace/extension&amp;filter_member=ocmod.space</link>

	<file path="catalog/controller/extension/module/live_product.php" error="log">
		<operation error="log">
			<search><![CDATA[$json['success'] = true;]]></search>
			<add position="before"><![CDATA[			/// << Price Range Free
			if ($this->config->get('module_price_range_status')) {
				if (!$this->selected) {
					$this->load->model('extension/module/price_range');

					$price_range = $this->model_extension_module_price_range->getPriceRanges($product_id, $qt);

					if (isset($price_range)) {
						if (isset($price_range['price'])) {
							$json['product']['price'] = $price_range['price'];
						}

						if (isset($price_range['special'])) {
							$json['product']['special'] = $price_range['special'];
						}

						if (isset($price_range['discounts'])) {
							$json['product']['discounts'] = $price_range['discounts'];
						}

						if (isset($price_range['extax'])) {
							$json['product']['extax'] = $price_range['extax'];
						}
					}
				}
			}
			/// >> Price Range]]>
			</add>
		</operation>
	</file>
</modification>
