<?xml version="1.0" encoding="utf-8"?>

<!--
@name     Live Product|Skip By Id
@author   Andrii Burkatskyi, ocmod.space@gmail.com
@version  3.5.1
@link     https://www.opencart.com/index.php?route=marketplace/extension/info&extension_id=36005
@link     https://github.com/ocmod-space/ocmod-live-product
@licence  https://raw.githubusercontent.com/ocmod-space/ocmod-live-product/main/EULA.txt
-->

<modification>
	<name>#ocmod.space: live-product|skip-by-id</name>
	<code>live-product--skip-by-id</code>
	<version>3.5.1</version>
	<author>Andrii Burkatskyi</author>
	<link>https://www.opencart.com/index.php?route=marketplace/extension&amp;filter_member=ocmod.space</link>

	<file path="catalog/controller/extension/module/live_product.php" error="log">
		<operation error="log">
			<search info="">
				<![CDATA[$product_id = isset($this->request->get['id']) ? $this->request->get['id'] : 0;]]>
			</search>
			<add position="after">
				<![CDATA[
		/// Skip products with ids from the list below
		$skip_ids = array (
			'', '', ''
		);]]>
			</add>
		</operation>
		<operation error="log">
			<search info="">
				<![CDATA[if (empty($product_id) || !$this->mstatus) {]]>
			</search>
			<add position="replace">
				<![CDATA[if (empty($product_id) || !$this->mstatus || in_array($product_id, $skip_ids)) {]]>
			</add>
		</operation>
	</file>

</modification>
