<?xml version="1.0" encoding="utf-8"?>

<!--
@name     Live Product|Oc21
@author   Andrii Burkatskyi, ocmod.space@gmail.com
@version  3.9.0
@link     https://www.ocmod.space/live-product
@link     https://github.com/ocmod-space/ocmod-live-product
@licence  https://raw.githubusercontent.com/ocmod-space/ocmod-live-product/main/EULA.txt
-->

<modification>
	<name>/ocmod.space/live_product/oc21</name>
	<code>live-product--oc21</code>
	<version>3.9.0</version>
	<author>Andrii Burkatskyi</author>
	<link>https://www.opencart.com/index.php?route=marketplace/extension&amp;filter_member=ocmod.space</link>

	<file path="catalog/controller/module/live_product.php" error="log">
		<operation error="log">
			<search>
				<![CDATA[		JS;]]>
			</search>
			<add position="replace">
				<![CDATA[
JS;]]>
			</add>
		</operation>

		<operation error="log">
			<search>
				<![CDATA[extension/module]]>
			</search>
			<add position="replace">
				<![CDATA[module]]>
			</add>
		</operation>
	</file>

</modification>
