<?xml version="1.0" encoding="utf-8"?>

<!--
@name     Live Product|Ignore Ids
@author   Andrii Burkatskyi, ocmod.space@gmail.com
@version  3.9.0
@link     https://www.ocmod.space/live-product
@link     https://github.com/ocmod-space/ocmod-live-product
@licence  https://raw.githubusercontent.com/ocmod-space/ocmod-live-product/main/EULA.txt
-->

<modification>
	<name>/ocmod.space/live_product/ignore_ids</name>
	<code>live-product--ignore-ids</code>
	<version>3.9.0</version>
	<author>Andrii Burkatskyi</author>
	<link>https://www.opencart.com/index.php?route=marketplace/extension&amp;filter_member=ocmod.space</link>

	<file path="catalog/controller/extension/module/live_product.php" error="log">
		<operation error="log">
			<search info="">
				<![CDATA[$product_id = $this->request->get['id'] ?? 0;]]>
			</search>
			<add position="after">
				<![CDATA[
		/// Skip products with ids defined in the file catalog/ignoreids.txt
		$file = DIR_APPLICATION . 'ignoreids.txt';
		$ignoreids = [];

		if (file_exists($file)) {
			$ignoreids = file($file);
		};

		foreach ($ignoreids as $key => &$value) {
			if ((int)$value == 0) {
				unset($ignoreids[$key]);
			} else {
				$value = (int)$value;
			}
		}

		$ignoreids = array_values($ignoreids);]]>
			</add>
		</operation>
		<operation error="log">
			<search info="">
				<![CDATA[if (empty($product_id) || !$this->mstatus) {]]>
			</search>
			<add position="replace">
				<![CDATA[if (empty($product_id) || !$this->mstatus || in_array($product_id, $ignoreids)) {]]>
			</add>
		</operation>
	</file>

</modification>
