<?xml version="1.0" encoding="utf-8"?>

<!--
@name     Live Product|Journal3
@author   Andrii Burkatskyi, ocmod.space@gmail.com
@version  3.5.1
@link     https://www.opencart.com/index.php?route=marketplace/extension/info&extension_id=36005
@link     https://github.com/ocmod-space/ocmod-live-product
@licence  https://raw.githubusercontent.com/ocmod-space/ocmod-live-product/main/EULA.txt
-->

<modification>
	<name>!ocmod.space: live-product|journal3</name>
	<code>live-product--journal3</code>
	<version>3.5.1</version>
	<author>Andrii Burkatskyi</author>
	<link>https://www.opencart.com/index.php?route=marketplace/extension&amp;filter_member=ocmod.space</link>

	<file path="admin/controller/extension/module/live_product.php" error="log">
		<operation error="log" info="Journal 3">
			<search>
				<![CDATA['content']]>
			</search>
			<add position="replace">
				<![CDATA['product']]>
			</add>
		</operation>
	</file>

	<file path="catalog/controller/extension/module/live_product.php" error="log">
		<operation error="log" info="Journal 3">
			<search>
				<![CDATA[showEl(g_price_id, json.product.price)]]>
			</search>
			<add position="replace">
				<![CDATA[showEl('.product-price', json.product.price)]]>
			</add>
		</operation>
	</file>

	<file path="catalog/view/theme/journal3/template/product/product.twig" error="log">
		<operation error="log" info="Journal 3">
			<search>
				<![CDATA[id="product-quantity"]]>
			</search>
			<add position="replace">
				<![CDATA[autocomplete="off" id="product-quantity"]]>
			</add>
		</operation>
	</file>

	<file path="catalog/view/theme/journal3/template/product/product.twig" error="log">
		<operation error="log" info="color swatches compatibility fix">
			<search>
				<![CDATA[<span>{{ product_weight }}</span>]]>
			</search>
			<add position="replace">
				<![CDATA[{% if live_product.status and live_product.weight_tot %}<span id="{{ live_product.id.weight_id }}"></span>{% else %}{{ product_weight }}{% endif %}]]>
			</add>
		</operation>
	</file>

	<file path="catalog/view/theme/journal3/template/product/product.twig" error="log">
		<operation error="log" info="color swatches compatibility fix">
			<search>
				<![CDATA[title="{{ option_value.name }} {% if option_value.price and optionPrice %} ({{ option_value.price_prefix }}{{ option_value.price }}) {% endif %}"]]>
			</search>
			<add position="replace">
				<![CDATA[title="{{ option_value.name }} {% if option_value.price and optionPrice %} ({{ option_value.price_prefix }}{{  option_value.price  }}) {% endif %}"]]>
			</add>
		</operation>
	</file>

</modification>
