<?xml version="1.0" encoding="utf-8"?>

<!--
@name     Live Product|Emarket
@author   Andrii Burkatskyi, ocmod.space@gmail.com
@version  3.5.1
@link     https://www.opencart.com/index.php?route=marketplace/extension/info&extension_id=36005
@link     https://github.com/ocmod-space/ocmod-live-product
@licence  https://raw.githubusercontent.com/ocmod-space/ocmod-live-product/main/EULA.txt
-->

<modification>
	<name>#ocmod.space: live-product|emarket</name>
	<code>live-product--emarket</code>
	<version>3.5.1</version>
	<author>Andrii Burkatskyi</author>
	<link>https://www.opencart.com/index.php?route=marketplace/extension&amp;filter_member=ocmod.space</link>

	<file path="catalog/view/theme/{so-emarket,so-mobile}/template/product/product.twig" error="log">
		<operation error="log" info="">
			<search>
				<![CDATA[ajax_price()]]>
			</search>
			<add position="replace">
				<![CDATA[// ajax_price();]]>
			</add>
		</operation>
	</file>

</modification>
