<?xml version="1.0" encoding="utf-8"?>

<!--
@name     Live Product|Ultrastore
@author   Andrii Burkatskyi, ocmod.space@gmail.com
@version  3.5.1
@link     https://www.opencart.com/index.php?route=marketplace/extension/info&extension_id=36005
@link     https://github.com/ocmod-space/ocmod-live-product
@licence  https://raw.githubusercontent.com/ocmod-space/ocmod-live-product/main/EULA.txt
-->

<modification>
	<name>#ocmod.space: live-product|ultrastore</name>
	<code>live-product--ultrastore</code>
	<version>3.5.1</version>
	<author>Andrii Burkatskyi</author>
	<link>https://www.opencart.com/index.php?route=marketplace/extension&amp;filter_member=ocmod.space</link>

	<file path="admin/controller/extension/module/live_product.php" error="log" info="add event for QV">
		<operation error="log">
			<search>
				<![CDATA[$event = $this->mname . '_catalog';]]>
			</search>
			<add position="after">
				<![CDATA[/// << Ultrastore
		$trigger = 'catalog/view/octemplates/module/*/before';
		$action = $this->mroute . '/beforeViewProduct';
		$this->{$event_model}->addEvent($event, $trigger, $action);
		/// >> Ultrastore]]>
			</add>
		</operation>
	</file>

	<file path="catalog/controller/extension/module/live_product.php" error="log" info="radio button hints">
		<operation error="log">
			<search>
				<![CDATA[showEl(id, text);]]>
			</search>
			<add position="after">
				<![CDATA[
					// UltraStore template radio button hints
					if (option.type === 'radio') {
						$(g_option_id + '-label-' + option_id + '-' + option_value.product_option_value_id).attr('data-original-title', text ? text.slice(1,-1) : text);
					}]]>
			</add>
		</operation>
	</file>

	<file path="catalog/view/theme/oct_ultrastore/template/product/product.twig" error="log">
		<operation error="log" info="disable native live update">
			<search>
				<![CDATA[function updateProductPrice()]]>
			</search>
			<add position="after">
				<![CDATA[	return;]]>
			</add>
		</operation>
	</file>

	<file path="catalog/view/theme/oct_ultrastore/template/product/product.twig" error="log">
		<operation error="log" info="Radio-option label">
			<search>
				<![CDATA[{% if option_value.price %}title="{{ option_value.price_prefix }}{{ option_value.price }}"{% endif %}]]>
			</search>
			<add position="replace">
				<![CDATA[{% if live_product.status %}id="{{ live_product.css.option_id }}-label-{{ option.product_option_id }}-{{option_value.product_option_value_id}}"{% else %}title="{{ option_value.price_prefix }}{{ option_value.price }}"{% endif %}]]>
			</add>
		</operation>
	</file>


<!-- QiuickView -->

	<file path="catalog/view/theme/oct_ultrastore/template/octemplates/module/oct_popup_view.twig" error="log">
		<operation error="log" info="disable native live update">
			<search>
				<![CDATA[function updateViewPrice()]]>
			</search>
			<add position="after">
				<![CDATA[	return;]]>
			</add>
		</operation>
	</file>

	<file path="catalog/view/theme/oct_ultrastore/template/octemplates/module/oct_popup_view.twig" error="log">
		<operation error="log">
			<search>
				<![CDATA[<option value="{{ option_value.product_option_value_id }}">]]>
			</search>
			<add position="replace">
				<![CDATA[<option {% if live_product.status %}id="{{ live_product.css.option_id }}-{{ option.product_option_id }}-{{option_value.product_option_value_id}}"{% endif %} value="{{ option_value.product_option_value_id }}">]]>
			</add>
		</operation>
	</file>

	<file path="catalog/view/theme/oct_ultrastore/template/octemplates/module/oct_popup_view.twig" error="log" info="Prevent option caching on FF">
		<operation error="log">
			<search>
				<![CDATA[id="popup-input-quantity"]]>
			</search>
			<add position="replace">
				<![CDATA[autocomplete="off" id="popup-input-quantity"]]>
			</add>
		</operation>
		<operation error="log">
			<search>
				<![CDATA[name="option[{{ option.product_option_id }}]]]>
			</search>
			<add position="replace">
				<![CDATA[autocomplete="off" name="option[{{ option.product_option_id }}]]]>
			</add>
		</operation>
	</file>

	<file path="catalog/view/theme/oct_ultrastore/template/octemplates/module/oct_popup_view.twig" error="log">
		<operation error="log">
			<search>
				<![CDATA[({{ option_value.price_prefix }}{{ option_value.price }})]]>
			</search>
			<add position="replace">
				<![CDATA[
				  {% if live_product.status %}
                    <span id="{{ live_product.css.option_id }}-{{ option.product_option_id }}-{{option_value.product_option_value_id}}"></span>
                  {% else %}
                    ({{ option_value.price_prefix }}{{ option_value.price }})
                  {% endif %}
                {% else %}
                  {% if live_product.status %}
                    <span id="{{ live_product.css.option_id }}-{{ option.product_option_id }}-{{option_value.product_option_value_id}}"></span>
                  {% endif %}]]>
			</add>
		</operation>
	</file>

	<file path="catalog/view/theme/oct_ultrastore/template/octemplates/module/oct_popup_view.twig" error="log">
		<operation error="log" info="Radio-option label">
			<search>
				<![CDATA[{% if option_value.price %}title="{{ option_value.price_prefix }}{{ option_value.price }}"{% endif %}]]>
			</search>
			<add position="replace">
				<![CDATA[{% if live_product.status %}id="{{ live_product.css.option_id }}-label-{{ option.product_option_id }}-{{option_value.product_option_value_id}}"{% else %}title="{{ option_value.price_prefix }}{{ option_value.price }}"{% endif %}]]>
			</add>
		</operation>
	</file>

	<file path="catalog/view/theme/oct_ultrastore/template/octemplates/module/oct_popup_view.twig" error="log">
		<operation error="log">
			<search>
				<![CDATA[{{ price }}]]>
			</search>
			<add position="replace">
				<![CDATA[{% if live_product.status %}<span id="{{ live_product.css.price_id }}" data-id="{{ live_product.css.price_id }}">{{ price }}</span>{% else %}{{ price }}{% endif %}]]>
			</add>
		</operation>
	</file>

	<file path="catalog/view/theme/oct_ultrastore/template/octemplates/module/oct_popup_view.twig" error="log">
		<operation error="log">
			<search>
				<![CDATA[{{ special }}]]>
			</search>
			<add position="replace">
				<![CDATA[{% if live_product.status %}<span id="{{ live_product.css.special_id }}" data-id="{{ live_product.css.special_id }}">{{ special }}</span>{% else %}{{ special }}{% endif %}]]>
			</add>
		</operation>
	</file>

	<file path="catalog/view/theme/oct_ultrastore/template/octemplates/module/oct_popup_view.twig" error="log">
		<operation error="log">
			<search>
				<![CDATA[{% if discounts %}]]>
			</search>
			<add position="replace">
				<![CDATA[{% if discounts and not special %}]]>
			</add>
		</operation>
	</file>

	<file path="catalog/view/theme/oct_ultrastore/template/octemplates/module/oct_popup_view.twig" error="log">
		<operation error="log">
			<search>
				<![CDATA[{{ discount.price }}]]>
			</search>
			<add position="replace">
				<![CDATA[{% if live_product.status %}<span id="{{ live_product.css.discount_id }}-{{ discount.quantity }}" data-id="{{ live_product.css.discount_id }}-{{ discount.quantity }}">{{ discount.price }}</span>{% else %}{{ discount.price }}{% endif %}]]>
			</add>
		</operation>
	</file>

	<file path="catalog/view/theme/oct_ultrastore/template/octemplates/module/oct_popup_view.twig" error="log">
		<operation error="log">
			<search>
				<![CDATA[{{ reward }}]]>
			</search>
			<add position="replace">
				<![CDATA[{% if live_product.status %}<span id="{{ live_product.css.reward_id }}" data-id="{{ live_product.css.reward_id }}">{{ reward }}</span>{% else %}{{ reward }}{% endif %}]]>
			</add>
		</operation>
	</file>

	<file path="catalog/view/theme/oct_ultrastore/template/octemplates/module/oct_popup_view.twig" error="log">
		<operation error="log">
			<search>
				<![CDATA[{{ tax }}]]>
			</search>
			<add position="replace">
				<![CDATA[{% if live_product.status %}<span id="{{ live_product.css.tax_id }}" data-id="{{ live_product.css.tax_id }}">{{ tax }}</span>{% else %}{{ tax }}{% endif %}]]>
			</add>
		</operation>
	</file>

	<file path="catalog/view/theme/oct_ultrastore/template/octemplates/module/oct_popup_view.twig" error="log">
		<operation error="log">
			<search>
				<![CDATA[{{ points }}]]>
			</search>
			<add position="replace">
				<![CDATA[{% if live_product.status %}<span id="{{ live_product.css.points_id }}" data-id="{{ live_product.css.points_id }}">{{ points }}</span>{% else %}{{ points }}{% endif %}]]>
			</add>
		</operation>
	</file>

	<file path="catalog/view/theme/oct_ultrastore/template/octemplates/module/oct_popup_view.twig" error="log">
		<operation error="log">
			<search>
				<![CDATA[<script src="catalog/view/theme/oct_ultrastore/js/owl.carousel.min.js"></script>]]>
			</search>
			<add position="before">
				<![CDATA[{% if live_product.status %}<script type="text/javascript" src="{{ live_product.js }}"></script>{% endif %}]]>
			</add>
		</operation>
	</file>

<!-- Quick Purchase -->
	<file path="catalog/controller/extension/module/live_product.php" error="log" info="radio button hints">
		<operation error="log">
			<search>
				<![CDATA[var g_option_id]]>
			</search>
			<add position="after">
				<![CDATA[var popup = '#one-click-main-block';]]>
			</add>
		</operation>
		<operation error="log">
			<search>
				<![CDATA[refreshQty = setInterval(function() {]]>
			</search>
			<add position="after">
				<![CDATA[			if ($(popup).length && $('body').hasClass('modal-open')) {
				tag_qt = '#popup-input-quantity';
			} else {
				tag_qt = 'input[name="quantity"]';
			}]]>
			</add>
		</operation>

		<operation error="log">
			<search>
				<![CDATA[setGTags();]]>
			</search>
			<add position="after">
				<![CDATA[
	if ($(popup).length && $('body').hasClass('modal-open')) {
		setGTags(popup);
	}

	$("#us-one-click-modal").off('hidden.bs.modal').on('hidden.bs.modal', function() {
		if (g_log) {
			console.log('-- Live Product > Clear modal');
		}
		$('.modal-holder').empty();

		setGTags();
	});


	$("#us-one-click-modal").off('shown.bs.modal').on('shown.bs.modal', function() {
		if (g_log) {
			console.log('-- Live Product > Show modal');
		}

		setGTags(popup);
	});]]>
			</add>
		</operation>
	</file>

	<file path="catalog/view/theme/oct_ultrastore/template/octemplates/module/oct_popup_purchase.twig" error="log">
		<operation error="log" info="disable native live update">
			<search>
				<![CDATA[function updatePurchasePrice()]]>
			</search>
			<add position="after">
				<![CDATA[	return;]]>
			</add>
		</operation>
	</file>

	<file path="catalog/view/theme/oct_ultrastore/template/octemplates/module/oct_popup_purchase.twig" error="log">
		<operation error="log">
			<search>
				<![CDATA[<option value="{{ option_value.product_option_value_id }}">]]>
			</search>
			<add position="replace">
				<![CDATA[<option {% if live_product.status %}id="{{ live_product.css.option_id }}-{{ option.product_option_id }}-{{option_value.product_option_value_id}}"{% endif %} value="{{ option_value.product_option_value_id }}">]]>
			</add>
		</operation>
	</file>

	<file path="catalog/view/theme/oct_ultrastore/template/octemplates/module/oct_popup_purchase.twig" error="log" info="Prevent option caching on FF">
		<operation error="log">
			<search>
				<![CDATA[id="popup-input-quantity"]]>
			</search>
			<add position="replace">
				<![CDATA[autocomplete="off" id="popup-input-quantity"]]>
			</add>
		</operation>
		<operation error="log">
			<search>
				<![CDATA[name="option[{{ option.product_option_id }}]]]>
			</search>
			<add position="replace">
				<![CDATA[autocomplete="off" name="option[{{ option.product_option_id }}]]]>
			</add>
		</operation>
	</file>

	<file path="catalog/view/theme/oct_ultrastore/template/octemplates/module/oct_popup_purchase.twig" error="log">
		<operation error="log">
			<search>
				<![CDATA[({{ option_value.price_prefix }}{{ option_value.price }})]]>
			</search>
			<add position="replace">
				<![CDATA[
				  {% if live_product.status %}
                    <span id="{{ live_product.css.option_id }}-{{ option.product_option_id }}-{{option_value.product_option_value_id}}"></span>
                  {% else %}
                    ({{ option_value.price_prefix }}{{ option_value.price }})
                  {% endif %}
                {% else %}
                  {% if live_product.status %}
                    <span id="{{ live_product.css.option_id }}-{{ option.product_option_id }}-{{option_value.product_option_value_id}}"></span>
                  {% endif %}]]>
			</add>
		</operation>
	</file>

	<file path="catalog/view/theme/oct_ultrastore/template/octemplates/module/oct_popup_purchase.twig" error="log">
		<operation error="log" info="Radio-option label">
			<search>
				<![CDATA[{% if option_value.price %}title="{{ option_value.price_prefix }}{{ option_value.price }}"{% endif %}]]>
			</search>
			<add position="replace">
				<![CDATA[{% if live_product.status %}id="{{ live_product.css.option_id }}-label-{{ option.product_option_id }}-{{option_value.product_option_value_id}}"{% else %}title="{{ option_value.price_prefix }}{{ option_value.price }}"{% endif %}]]>
			</add>
		</operation>
	</file>

	<file path="catalog/view/theme/oct_ultrastore/template/octemplates/module/oct_popup_purchase.twig" error="log">
		<operation error="log">
			<search>
				<![CDATA[{{ price }}]]>
			</search>
			<add position="replace">
				<![CDATA[{% if live_product.status %}<span id="{{ live_product.css.price_id }}" data-id="{{ live_product.css.price_id }}">{{ price }}</span>{% else %}{{ price }}{% endif %}]]>
			</add>
		</operation>
	</file>

	<file path="catalog/view/theme/oct_ultrastore/template/octemplates/module/oct_popup_purchase.twig" error="log">
		<operation error="log">
			<search>
				<![CDATA[{{ special }}]]>
			</search>
			<add position="replace">
				<![CDATA[{% if live_product.status %}<span id="{{ live_product.css.special_id }}" data-id="{{ live_product.css.special_id }}">{{ special }}</span>{% else %}{{ special }}{% endif %}]]>
			</add>
		</operation>
	</file>


<!-- 
	<file path="catalog/view/theme/oct_ultrastore/template/octemplates/module/oct_popup_purchase.twig" error="log">
		<operation error="log">
			<search>
				<![CDATA[{% if discounts %}]]>
			</search>
			<add position="replace">
				<![CDATA[{% if discounts and not special %}]]>
			</add>
		</operation>
	</file>

	<file path="catalog/view/theme/oct_ultrastore/template/octemplates/module/oct_popup_purchase.twig" error="log">
		<operation error="log">
			<search>
				<![CDATA[{{ discount.price }}]]>
			</search>
			<add position="replace">
				<![CDATA[{% if live_product.status %}<span id="{{ live_product.css.discount_id }}-{{ discount.quantity }}" data-id="{{ live_product.css.discount_id }}-{{ discount.quantity }}">{{ discount.price }}</span>{% else %}{{ discount.price }}{% endif %}]]>
			</add>
		</operation>
	</file>

	<file path="catalog/view/theme/oct_ultrastore/template/octemplates/module/oct_popup_purchase.twig" error="log">
		<operation error="log">
			<search>
				<![CDATA[{{ reward }}]]>
			</search>
			<add position="replace">
				<![CDATA[{% if live_product.status %}<span id="{{ live_product.css.reward_id }}" data-id="{{ live_product.css.reward_id }}">{{ reward }}</span>{% else %}{{ reward }}{% endif %}]]>
			</add>
		</operation>
	</file>

	<file path="catalog/view/theme/oct_ultrastore/template/octemplates/module/oct_popup_purchase.twig" error="log">
		<operation error="log">
			<search>
				<![CDATA[{{ tax }}]]>
			</search>
			<add position="replace">
				<![CDATA[{% if live_product.status %}<span id="{{ live_product.css.tax_id }}" data-id="{{ live_product.css.tax_id }}">{{ tax }}</span>{% else %}{{ tax }}{% endif %}]]>
			</add>
		</operation>
	</file>

	<file path="catalog/view/theme/oct_ultrastore/template/octemplates/module/oct_popup_purchase.twig" error="log">
		<operation error="log">
			<search>
				<![CDATA[{{ points }}]]>
			</search>
			<add position="replace">
				<![CDATA[{% if live_product.status %}<span id="{{ live_product.css.points_id }}" data-id="{{ live_product.css.points_id }}">{{ points }}</span>{% else %}{{ points }}{% endif %}]]>
			</add>
		</operation>
	</file>
 -->

	<file path="catalog/view/theme/oct_ultrastore/template/octemplates/module/oct_popup_purchase.twig" error="log">
		<operation error="log">
			<search>
				<![CDATA[{% if oct_popup_purchase_data.mask is defined and oct_popup_purchase_data.mask is not empty %}]]>
			</search>
			<add position="before">
				<![CDATA[{% if live_product.status %}<script type="text/javascript">update();</script>{% endif %}]]>
			</add>
		</operation>
	</file>
</modification>
