<?xml version="1.0" encoding="utf-8"?>

<!--
@name     Live Product|Price Range
@author   Andrii Burkatskyi, ocmod.space@gmail.com
@version  3.7.0
@link     https://www.ocmod.space/live-product
@link     https://github.com/ocmod-space/ocmod-live-product
@licence  https://raw.githubusercontent.com/ocmod-space/ocmod-live-product/main/EULA.txt
-->

<modification>
	<name>#ocmod.space: live-product|price-range</name>
	<code>live-product--price-range</code>
	<version>3.7.0</version>
	<author>Andrii Burkatskyi</author>
	<link>https://www.opencart.com/index.php?route=marketplace/extension&amp;filter_member=ocmod.space</link>

	<file path="catalog/controller/extension/module/live_product.php" error="log">
		<operation error="log">
			<search><![CDATA[$json['success'] = true;]]></search>
			<add position="before"><![CDATA[
			/// << live-product|price-range
			if (!$selected_options && $this->config->get('module_price_range_status')) {
				$price_range_data = array(
					'product_id' => $product_id,
					'quantity'   => $qt,

				);

				$price_range = $this->load->controller('extension/module/price_range', $price_range_data);

				if ($price_range) {
					$json['product']['price'] = $price_range['price'];

					if ($display_extax) {
						$json['product']['extax'] = $price_range['tax'];
					}

					if ($special) {
						$json['product']['special'] = $price_range['special'];
					} elseif ($discounts) {
						$json['product']['discounts'] = array();

						foreach ($price_range['discounts'] as &$discount) {
							$this->log->write($this->language->get('text_discount'));
							$json['product']['discounts'][$discount['quantity']] = $discount['price'];
						}
					}
				}
			}
			/// >> live-product|price-range]]>
			</add>
		</operation>
	</file>
</modification>
