<?xml version="1.0" encoding="utf-8"?>

<!--
@name     Live Product|Price Range
@author   Andrii Burkatskyi, ocmod.space@gmail.com
@version  3.6.0
@link     https://www.ocmod.space/live-product
@link     https://github.com/ocmod-space/ocmod-live-product
@licence  https://raw.githubusercontent.com/ocmod-space/ocmod-live-product/main/EULA.txt
-->

<modification>
	<name>#ocmod.space: live-product|price-range</name>
	<code>live-product--price-range</code>
	<version>3.6.0</version>
	<author>Andrii Burkatskyi</author>
	<link>https://www.opencart.com/index.php?route=marketplace/extension&amp;filter_member=ocmod.space</link>

	<file path="catalog/controller/extension/module/live_product.php" error="log">
		<operation error="log">
			<search><![CDATA[$json['success'] = true;]]></search>
			<add position="before"><![CDATA[			/// << live-product|price-range
			if ($this->config->get('module_price_range_status')) {
				$this->load->model('extension/module/price_range');
				$prconf = $this->model_extension_module_price_range->conf();

				if ($prconf['status'] && !$this->selected) {
					$this->load->model('extension/module/price_range');

					if ($config_tax) {
						$extax_range = $this->model_extension_module_price_range->calculate(
							(float)$product_info['price'],
							$product_options
						);

						if ($this->mconfig['product_total']) {
							$extax_range['min'] *= $qt;
							$extax_range['max'] *= $qt;
						}

						$price_range = array(
							'min' => $this->tax->calculate(
								$extax_range['min'],
								$product_info['tax_class_id'],
								$config_tax
							),
							'max' => $this->tax->calculate(
								$extax_range['max'],
								$product_info['tax_class_id'],
								$config_tax
							),
						);

						$json['product']['price'] = $this->model_extension_module_price_range->format($price_range);

						if ((float)$product_info['special']) {
							$extax_range = $this->model_extension_module_price_range->calculate(
								(float)$product_info['special'],
								$product_options,
								!empty($this->is_flexible_options)
									? $product_info['special'] / $product_info['price']
									: 1
							);

							if ($this->mconfig['product_total']) {
								$extax_range['min'] *= $qt;
								$extax_range['max'] *= $qt;
							}

							$special_range = array(
								'min' => $this->tax->calculate(
									$extax_range['min'],
									$product_info['tax_class_id'],
									$config_tax
								),
								'max' => $this->tax->calculate(
									$extax_range['max'],
									$product_info['tax_class_id'],
									$config_tax
								),
							);

							$json['product']['special'] =
								$this->model_extension_module_price_range->format($special_range);
						}

						if (!$this->mconfig['product_noextax']) {
							$json['product']['extax'] = $this->model_extension_module_price_range->format($extax_range);
						}

						if ($discounts && !(float)$product_info['special']) {
							$json['product']['discounts'] = array();

							foreach ($discounts as $discount) {
								if ($qt >= $discount['quantity']) {
									$extax_range = $this->model_extension_module_price_range->calculate(
										(float)$discount['price'],
										$product_options
									);

									if ($this->mconfig['product_total']) {
										$extax_range['min'] *= $qt;
										$extax_range['max'] *= $qt;
									}

									$price_range = array(
										'min' => $this->tax->calculate(
											$extax_range['min'],
											$product_info['tax_class_id'],
											$config_tax
										),
										'max' => $this->tax->calculate(
											$extax_range['max'],
											$product_info['tax_class_id'],
											$config_tax
										),
									);

									$json['product']['price'] =
										$this->model_extension_module_price_range->format($price_range);
								}

								if (!$this->mconfig['product_noextax']) {
									$json['product']['extax'] =
										$this->model_extension_module_price_range->format($extax_range);
								}

								$discount_range = $this->model_extension_module_price_range->calculate(
									$discount['price'],
									$product_options,
									!empty($this->is_flexible_options)
										? $discount['price'] / $product_info['price']
										: 1
								);

								$discount_range['min'] = $this->tax->calculate(
									$discount_range['min'],
									$product_info['tax_class_id'],
									$config_tax
								);
								$discount_range['max'] = $this->tax->calculate(
									$discount_range['max'],
									$product_info['tax_class_id'],
									$config_tax
								);

								$json['product']['discounts'][$discount['quantity']] =
									$this->model_extension_module_price_range->format($discount_range);
							}
						}
					} else {
						$price_range = $this->model_extension_module_price_range->calculate(
							(float)$product_info['price'], $product_options
						);

						if ($this->mconfig['product_total']) {
							$price_range['min'] *= $qt;
							$price_range['max'] *= $qt;
						}

						$json['product']['price'] = $this->model_extension_module_price_range->format($price_range);

						if ((float)$product_info['special']) {
							$special_range = $this->model_extension_module_price_range->calculate(
								$this->mconfig['product_total']
									? (float)$product_info['special'] * $qt
									: (float)$product_info['special'],
								$product_options,
								!empty($this->is_flexible_options)
									? $product_info['special'] / $product_info['price']
									: 1
							);

							$json['product']['special'] =
								$this->model_extension_module_price_range->format($special_range);
						}

						if ($discounts && !(float)$product_info['special']) {
							$json['product']['discounts'] = array();

							foreach ($discounts as $discount) {
								if ($qt >= $discount['quantity']) {
									$price_range = $this->model_extension_module_price_range->calculate(
										(float)$discount['price'],
										$product_options
									);

									if ($this->mconfig['product_total']) {
										$price_range['min'] = $price_range['min'] * $qt;
										$price_range['max'] = $price_range['max'] * $qt;
									}

									$json['product']['price'] =
										$this->model_extension_module_price_range->format($price_range);
								}

								$discount_range = $this->model_extension_module_price_range->calculate(
									$discount['price'],
									$product_options,
									!empty($this->is_flexible_options)
										? $discount['price'] / $product_info['price']
										: 1
								);

								$json['product']['discounts'][$discount['quantity']] =
									$this->model_extension_module_price_range->format($discount_range);
							}
						}
					}
				}
			}
			/// >> live-product|price-range]]>
			</add>
		</operation>
	</file>
</modification>
