<?xml version="1.0" encoding="utf-8"?>

<!--
@name     Live Product|Product Option Image
@author   Andrii Burkatskyi, ocmod.space@gmail.com
@version  3.8.0
@link     https://www.ocmod.space/live-product
@link     https://github.com/ocmod-space/ocmod-live-product
@licence  https://raw.githubusercontent.com/ocmod-space/ocmod-live-product/main/EULA.txt
-->

<modification>
	<name>#ocmod.space: live-product|product-option-image</name>
	<code>live-product--product-option-image</code>
	<version>3.8.0</version>
	<author>Andrii Burkatskyi</author>
	<link>https://www.opencart.com/index.php?route=marketplace/extension&amp;filter_member=ocmod.space</link>

	<file path="catalog/controller/extension/module/live_product.php" error="log">
		<operation error="log">
			<search>
				<![CDATA['[id^="input-option"] input[type="radio"]',]]>
			</search>
			<add position="after">
				<![CDATA[			'li.option-value', /// live-product|product-option-image]]>
			</add>
		</operation>
		<operation error="log">
			<search>
				<![CDATA[html_content_id + ' [name="quantity"]',]]>
			</search>
			<add position="after">
				<![CDATA[				html_content_id + ' .option-value.option-value-checked input:checked', /// live-product|product-option-image]]>
			</add>
		</operation>
	</file>
</modification>
