<?xml version="1.0" encoding="utf-8"?>

<!--
@name     Live Product|Journal
@author   Andrii Burkatskyi, ocmod.space@gmail.com
@version  3.9.0
@link     https://www.ocmod.space/live-product
@link     https://github.com/ocmod-space/ocmod-live-product
@licence  https://raw.githubusercontent.com/ocmod-space/ocmod-live-product/main/EULA.txt
-->

<modification>
	<name>!ocmod.space: live_product/journal</name>
	<code>live-product--journal</code>
	<version>3.9.0</version>
	<author>Andrii Burkatskyi</author>
	<link>https://www.opencart.com/index.php?route=marketplace/extension&amp;filter_member=ocmod.space</link>

	<file path="admin/controller/extension/module/live_product.php" error="log">
		<operation error="log" info="">
			<search>
				<![CDATA['#content']]>
			</search>
			<add position="replace">
				<![CDATA['#product']]>
			</add>
		</operation>
	</file>

	<!-- <file path="catalog/controller/extension/module/live_product.php" error="log">
		<operation error="log" info="">
			<search>
				<![CDATA[showEl(html_price_id, json.product.price)]]>
			</search>
			<add position="replace">
				<![CDATA[showEl('.product-price', json.product.price)]]>
			</add>
		</operation>
	</file> -->

	<file path="catalog/view/theme/journal3/template/product/product.twig" error="log">
		<operation error="log" info="">
			<search>
				<![CDATA[id="product-quantity"]]>
			</search>
			<add position="replace">
				<![CDATA[autocomplete="off" id="product-quantity"]]>
			</add>
		</operation>
	</file>

	<file path="catalog/view/theme/journal3/template/product/product.{tpl,twig}" error="log">
		<operation error="log" info="OC 3.x">
			<ignoreif regex="false" info=""><![CDATA[<?php]]></ignoreif>
			<search>
				<![CDATA[<span>{{ product_weight }}</span>]]>
			</search>
			<add position="replace">
				<![CDATA[{% if live_product.status and live_product.product_weight %}<span id="live-weight }}"></span>{% else %}{{ product_weight }}{% endif %}]]>
			</add>
		</operation>

		<operation error="log" info="OC 2.x">
			<ignoreif regex="false" info=""><![CDATA[{%]]></ignoreif>
			<search>
				<![CDATA[<span><?php echo $product_weight; ?></span>]]>
			</search>
			<add position="replace">
				<![CDATA[<?php if ($live_product['status'] && !empty($live_product['product_weight'])) { ?><span id="live-weight"></span><?php } ?>]]>
			</add>
		</operation>
	</file>

	<file path="catalog/view/theme/journal3/template/product/product.twig" error="log">
		<operation error="log" info="color swatches compatibility fix">
			<search>
				<![CDATA[title="{{ option_value.name }} {% if option_value.price and optionPrice %} ({{ option_value.price_prefix }}{{ option_value.price }}) {% endif %}"]]>
			</search>
			<add position="replace">
				<![CDATA[title="{{ option_value.name }} {% if option_value.price and optionPrice %} ({{ option_value.price_prefix }}{{  option_value.price  }}) {% endif %}"]]>
			</add>
		</operation>
	</file>

</modification>
