<?xml version="1.0" encoding="utf-8"?>

<!--
@name     Live Product|Nice
@author   Andrii Burkatskyi, ocmod.space@gmail.com
@version  3.9.0
@link     https://www.ocmod.space/live-product
@link     https://github.com/ocmod-space/ocmod-live-product
@licence  https://raw.githubusercontent.com/ocmod-space/ocmod-live-product/main/EULA.txt
-->

<modification>
	<name>!ocmod.space: live_product/nice</name>
	<code>live-product--nice</code>
	<version>3.9.0</version>
	<author>Andrii Burkatskyi</author>
	<link>https://www.opencart.com/index.php?route=marketplace/extension&amp;filter_member=ocmod.space</link>

	<file path="admin/controller/extension/module/live_product.php" error="log">
		<operation error="log" info="">
			<search>
				<![CDATA[$event = $this->mname . '_catalog';]]>
			</search>
			<add position="after">
				<![CDATA[
		/// <<< live_product/nice
		$trigger = 'catalog/view/block/*/before';
		$action = $this->mroute . '/beforeViewProduct';
		$this->{$event_model}->addEvent($event, $trigger, $action, 1, 9);
		/// >>> live_product/nice]]>
			</add>
		</operation>
	</file>

	<file path="catalog/view/theme/nice/template/block/productpage_options.twig" error="log">
		<operation error="log" info="">
			<search>
				<![CDATA[<option value="{{ option_value.product_option_value_id }}"]]>
			</search>
			<add position="replace">
				<![CDATA[<option {% if live_product.status %}id="live-option-{{ option.product_option_id }}-{{option_value.product_option_value_id}}"{% endif %} value="{{ option_value.product_option_value_id }}"]]>
			</add>
		</operation>
		<operation error="log" info="3.x: add span tag with id into radio and checkbox input tags">
			<search>
				<![CDATA[({{ option_value.price_prefix }}{{ option_value.price }})]]>
			</search>
			<add position="replace">
				<![CDATA[{% if live_product.status %}
                      <span id="live-option-{{ option.product_option_id }}-{{option_value.product_option_value_id}}"></span>
                      {% else %}
                      ({{ option_value.price_prefix }}{{ option_value.price }})
                      {% endif %}
                    {% else %}
                      {% if live_product.status %}
                      <span id="live-option-{{ option.product_option_id }}-{{option_value.product_option_value_id}}"></span>
                      {% endif %}]]>
			</add>
		</operation>
		<operation error="log" info="3.x">
			<search>
				<![CDATA[name="option[{{ option.product_option_id }}]]]>
			</search>
			<add position="replace">
				<![CDATA[autocomplete="off" name="option[{{ option.product_option_id }}]]]>
			</add>
		</operation>
	</file>

	<file path="catalog/view/theme/nice/template/block/productpage_conversion.twig" error="log">
		<operation error="log">
			<search>
				<![CDATA[id="input-quantity"]]>
			</search>
			<add position="replace">
				<![CDATA[autocomplete="off" id="input-quantity"]]>
			</add>
		</operation>
		<operation error="log" info="3.x">
			<search>
				<![CDATA[{{ price }}]]>
			</search>
			<add position="replace">
				<![CDATA[{% if live_product.status %}<span id="live-price">{{ price }}</span>{% else %}{{ price }}{% endif %}]]>
			</add>
		</operation>
		<operation error="log" info="3.x">
			<search>
				<![CDATA[{{ special }}]]>
			</search>
			<add position="replace">
				<![CDATA[{% if live_product.status %}<span id="live-special">{{ special }}</span>{% else %}{{ special }}{% endif %}]]>
			</add>
		</operation>
		<operation error="log" info="3.x">
			<search>
				<![CDATA[{% if discounts %}]]>
			</search>
			<add position="replace">
				<![CDATA[{% if discounts and not special %}]]>
			</add>
		</operation>
		<operation error="log" info="3.x">
			<search>
				<![CDATA[{{ discount.price }}]]>
			</search>
			<add position="replace">
				<![CDATA[{% if live_product.status %}<span id="live-discount-{{ discount.quantity }}">{{ discount.price }}</span>{% else %}{{ discount.price }}{% endif %}]]>
			</add>
		</operation>
		<operation error="log" info="3.x">
			<search>
				<![CDATA[{{ tax }}]]>
			</search>
			<add position="replace">
				<![CDATA[{% if live_product.status %}<span id="live-tax">{{ tax }}</span>{% else %}{{ tax }}{% endif %}]]>
			</add>
		</operation>
		<operation error="log" info="3.x">
			<search>
				<![CDATA[{{ points }}]]>
			</search>
			<add position="replace">
				<![CDATA[{% if live_product.status %}<span id="live-points">{{ points }}</span>{% else %}{{ points }}{% endif %}]]>
			</add>
		</operation>
	</file>
</modification>
