<?xml version="1.0" encoding="utf-8"?>

<!--
@name     Live Product|Plaza
@author   Andrii Burkatskyi, ocmod.space@gmail.com
@version  3.8.0
@link     https://www.ocmod.space/live-product
@link     https://github.com/ocmod-space/ocmod-live-product
@licence  https://raw.githubusercontent.com/ocmod-space/ocmod-live-product/main/EULA.txt
-->

<modification>
	<name>!ocmod.space: live-product|plaza</name>
	<code>live-product--plaza</code>
	<version>3.8.0</version>
	<author>Andrii Burkatskyi</author>
	<link>https://www.opencart.com/index.php?route=marketplace/extension&amp;filter_member=ocmod.space</link>

	<file path="admin/controller/extension/module/live_product.php" error="log">
		<operation error="log" info="product container">
			<search>
				<![CDATA['content']]>
			</search>
			<add position="replace">
				<![CDATA['product-product']]>
			</add>
		</operation>
	</file>

	<file path="catalog/controller/extension/module/live_product.php" error="log" info="color swatches compatibility">
		<operation error="log" info="color swatches">
			<search>
				<![CDATA[$(document).ready]]>
			</search>
			<add position="before">
				<![CDATA[// Color swatches
		$(document).off('click', 'li.swatches-options a').on('click', 'li.swatches-options a', function (ev) {
			let option_id = $(this).closest('ul').data('product-option');
			let option_value_id = $(this).data('product-option-value-id');

			let id = 'live-option-' + option_id + '-' + option_value_id;
			let el = $('#' + id);


			if (el.prop('tagName') == 'OPTION' || el.prop('tagName') == 'SPAN') {
				let parent_li = $(this).closest('li');
				let el_prop;

				if (el.prop('tagName') == 'OPTION') {
					el_prop = 'selected';
				} else if (el.prop('tagName') == 'SPAN') {
					el_prop = 'checked';

					el = el.closest('label :input');
				}

				if (parent_li.hasClass('checked')) {
					el.prop(el_prop, true);

					document.getElementById('live-option-' + option_id + '-' + option_value_id).click();
				} else {
					el.prop(el_prop, false);

					update();
				}
			}
		});]]>
			</add>
		</operation>
	</file>

	<file path="catalog/view/theme/tt_*/template/product/product.twig" error="log">
		<operation error="log" info="color swatches compatibility fix">
			<search>
				<![CDATA[title="{{ option_value.name }} {% if option_value.price %}({{ option_value.price_prefix }}{{ option_value.price }})]]>
			</search>
			<add position="replace">
				<![CDATA[title="{{ option_value.name }} {% if option_value.price %}({{  option_value.price_prefix  }}{{  option_value.price  }})]]>
			</add>
		</operation>
		<!-- <operation error="log" info="preloader support">
			<search>
				<![CDATA[{% if live_product.status %}<span id="live-price" data-id="live-price">{{ price }}</span>{% else %}{{ price }}{% endif %}]]>
			</search>
			<add position="replace">
				<![CDATA[{% if live_product.status %}<span id="live-price" data-id="live-price">{{ price }}</span>{% else %}{{ price }}{% endif %}{% if live_product.status and live_product.svg %}{{ live_product.svg }}{% endif %}]]>
			</add>
		</operation> -->
	</file>

	<file path="catalog/view/theme/tt_*/template/plaza/quickview/product.twig" error="log">
		<operation error="log" info="color swatches compatibility fix">
			<search>
				<![CDATA[title="{{ option_value.name }} {% if option_value.price %}({{ option_value.price_prefix }}{{ option_value.price }})]]>
			</search>
			<add position="replace">
				<![CDATA[title="{{ option_value.name }} {% if option_value.price %}({{  option_value.price_prefix  }}{{  option_value.price  }})]]>
			</add>
		</operation>

		<operation error="log">
			<search>
				<![CDATA[<option value="{{ option_value.product_option_value_id }}">]]>
			</search>
			<add position="replace">
				<![CDATA[<option {% if live_product.status %}id="live-option-{{ option.product_option_id }}-{{option_value.product_option_value_id}}"{% endif %} value="{{ option_value.product_option_value_id }}">]]>
			</add>
		</operation>

		<operation error="log">
			<search>
				<![CDATA[<div class="product-details">]]>
			</search>
			<add position="replace">
				<![CDATA[<div class="product-details"  id="{{ live_product.html_content_id }}">]]>
			</add>
		</operation>

		<operation error="log">
			<search>
				<![CDATA[({{ option_value.price_prefix }}{{ option_value.price }})]]>
			</search>
			<add position="replace">
				<![CDATA[
				{% if live_product.status %}
                    <span id="live-option-{{ option.product_option_id }}-{{option_value.product_option_value_id}}"></span>
                  {% else %}
                    ({{ option_value.price_prefix }}{{ option_value.price }})
                  {% endif %}
                {% else %}
                  {% if live_product.status %}
                    <span id="live-option-{{ option.product_option_id }}-{{option_value.product_option_value_id}}"></span>
                  {% endif %}]]>
			</add>
		</operation>

		<operation error="log">
			<search>
				<![CDATA[{{ price }}]]>
			</search>
			<add position="replace">
				<![CDATA[{% if live_product.status %}<span id="live-price" data-id="live-price">{{ price }}</span>{% else %}{{ price }}{% endif %}]]>
			</add>
		</operation>

		<operation error="log" info="preloader support">
			<search>
				<![CDATA[{% if live_product.status %}<span id="live-price" data-id="live-price">{{ price }}</span>{% else %}{{ price }}{% endif %}]]>
			</search>
			<add position="replace">
				<![CDATA[{% if live_product.status %}<span id="live-price" data-id="live-price">{{ price }}</span>{% else %}{{ price }}{% endif %}{% if live_product.status and live_product.svg %}{{ live_product.svg }}{% endif %}]]>
			</add>
		</operation>

		<operation error="log">
			<search>
				<![CDATA[>{{ special }}<]]>
			</search>
			<add position="replace">
				<![CDATA[{% if live_product.status %} id="live-points" data-id="live-points">{{ special }}<{% else %}>{{ special }}<{% endif %}]]>
			</add>
		</operation>

		<operation error="log">
			<search>
				<![CDATA[{% if discounts %}]]>
			</search>
			<add position="replace">
				<![CDATA[{% if discounts and not special %}]]>
			</add>
		</operation>

		<operation error="log">
			<search>
				<![CDATA[{{ discount.price }}]]>
			</search>
			<add position="replace">
				<![CDATA[{% if live_product.status %}<span id="live-discount-{{ discount.quantity }}" data-id="live-discount-{{ discount.quantity }}">{{ discount.price }}</span>{% else %}{{ discount.price }}{% endif %}]]>
			</add>
		</operation>

		<operation error="log">
			<search>
				<![CDATA[{{ reward }}]]>
			</search>
			<add position="replace">
				<![CDATA[{% if live_product.status %}<span id="live-reward" data-id="live-reward">{{ reward }}</span>{% else %}{{ reward }}{% endif %}]]>
			</add>
		</operation>

		<operation error="log">
			<search>
				<![CDATA[{{ tax }}]]>
			</search>
			<add position="replace">
				<![CDATA[{% if live_product.status %}<span id="live-tax" data-id="live-tax">{{ tax }}</span>{% else %}{{ tax }}{% endif %}]]>
			</add>
		</operation>

		<operation error="log">
			<search>
				<![CDATA[{{ points }}]]>
			</search>
			<add position="replace">
				<![CDATA[{% if live_product.status %}<span id="live-points" data-id="live-points">{{ points }}</span>{% else %}{{ points }}{% endif %}]]>
			</add>
		</operation>

		<operation error="log">
			<search>
				<![CDATA[{{ text_stock }}]]>
			</search>
			<add position="after">
				<![CDATA[
				{% if live_product.status and live_product.product_weight %}<li>{{ text_weight }} <span id="live-weight }}"></span></li>{% endif %}]]>
			</add>
		</operation>

		<operation error="log">
			<search index="0">
				<![CDATA[<script type="text/javascript">]]>
			</search>
			<add position="before">
				<![CDATA[{% if live_product.status %}<script type="text/javascript" src="{{ live_product.js }}"></script>{% endif %}]]>
			</add>
		</operation>
	</file>

	<file path="admin/controller/extension/module/live_product.php" error="log" info="add event for QV">
		<operation error="log">
			<search>
				<![CDATA[$event = $this->mname . '_catalog';]]>
			</search>
			<add position="after">
				<![CDATA[
		/// << live-product|plaza
		$trigger = 'catalog/view/plaza/quickview/*/before';
		$action = $this->mroute . '/beforeViewProduct';
		$this->{$event_model}->addEvent($event, $trigger, $action);
		/// >> live-product|plaza]]>
			</add>
		</operation>
	</file>

<!-- 
	<file path="catalog/controller/extension/module/live_product.php" error="log" info="quickview force update">
		<operation error="log">
			<search>
				<![CDATA[window.onload = function() {]]>
			</search>
			<add position="before">
				<![CDATA[
// needed for the QuickView
if ($('input[name="quantity"]').val() > 0) {
    update();
}]]>
			</add>
		</operation>
	</file>
-->
</modification>
