<?xml version="1.0" encoding="utf-8"?>

<!--
@name     Live Product|Enhanced Specials
@author   Andrii Burkatskyi, ocmod.space@gmail.com
@version  3.8.0
@link     https://www.ocmod.space/live-product
@link     https://github.com/ocmod-space/ocmod-live-product
@licence  https://raw.githubusercontent.com/ocmod-space/ocmod-live-product/main/EULA.txt
-->

<modification>
	<name>#ocmod.space: live-product|enhanced-specials</name>
	<code>live-product--enhanced-specials</code>
	<version>3.8.0</version>
	<author>Andrii Burkatskyi</author>
	<link>https://www.opencart.com/index.php?route=marketplace/extension&amp;filter_member=ocmod.space</link>

	<file path="catalog/controller/extension/module/live_product.php" error="log">
		<operation error="log">
			<search>
				<![CDATA[$json['product'] = [];]]>
			</search>
			<add position="after">
				<![CDATA[
				/// << live-product|enhanced-specials
				if (   $this->config->get('module_enhanced_specials_status')
					&& (!$product_data['special'] || !empty($this->config->get('module_enhanced_specials')['priority']))
				) {
					$especial = $this->cart->getEnhancedSpecial($product_id);

					if ($especial) {
						$sc = 1 - $especial['percent'] / 100;
						$special = $product_data['price'] * $sc;

						if ($product_data['special']) {
							if ($special > $product_data['special']) {
								$product_data['special'] = $special;
							}
						} else {
							if ($special < $product_data['price']) {
								$product_data['special'] = $special;
							}
						}
					}
				}
				/// >> live-product|enhanced-specials]]>
			</add>
		</operation>
	</file>
</modification>
